-- ************************************* SERIE ELITE *************************************--
INSERT INTO SERIES VALUES('ELITE',2018,'ESPAGNE',2);

INSERT INTO GENRES VALUES('THRILLER');
INSERT INTO GENRES VALUES('DRAMARIQUE');

INSERT INTO TYPE VALUES('ELITE',2018,'THRILLER');
INSERT INTO TYPE VALUES('ELITE',2018,'DRAMARIQUE');

INSERT INTO PERSONNES VALUES('DARIO','MADRONA','ESPAGNE');
INSERT INTO PERSONNES VALUES('CARLOS','MONTERO','ESPAGNE');
INSERT INTO PERSONNES VALUES('ZETA','PRODUCCIONES','ESPAGNE');
INSERT INTO PERSONNES VALUES('MARIA','PEDRAZA','ESPAGNE');
INSERT INTO PERSONNES VALUES('ITZAN','ESCAMILIA','ESPAGNE');
INSERT INTO PERSONNES VALUES('ALVARO','RICO','ESPAGNE');
INSERT INTO PERSONNES VALUES('ESTER','EXPOSITO','ESPAGNE');
INSERT INTO PERSONNES VALUES('OMAR','AYUSO','ESPAGNE');
INSERT INTO PERSONNES VALUES('CLAUDIA','SALAS','ESPAGNE');
INSERT INTO PERSONNES VALUES('JORGE','LOPEZ','CHILI');
INSERT INTO PERSONNES VALUES('RAMON','SALAZAR','ESPAGNE');
INSERT INTO PERSONNES VALUES('DANI','ORDEN','ESPAGNE');

INSERT INTO PERSONNES VALUES('BRAYAN','CRANSTON','AMERICAINE');

INSERT INTO CREER VALUES('ELITE',2018,'DARIO','MADRONA','17/07/2017');
INSERT INTO CREER VALUES('ELITE',2018,'CARLOS','MONTERO','17/07/2017');

INSERT INTO PRODUIRE VALUES('ELITE',2018,'ZETA','PRODUCCIONES');

INSERT INTO SAISONS VALUES('EL_SAISON 1',6,'ELITE',2018);
INSERT INTO SAISONS VALUES('EL_SAISON 2',5,'ELITE',2018);

INSERT INTO EPISODES VALUES('BIENVENUE',47,'05/10/2018','Lorsque trois enfants issus de la classe ouvrière accèdent à l école la plus élitiste d Espagne, le fossé qui les sépare des élèves fortunés conduit à la tragédie.','EL_SAISON 1');
INSERT INTO EPISODES VALUES('DESIR',48,'05/10/2018','Lorsque trois enfants issus de la classe ouvrière accèdent à l école la plus élitiste d Espagne, le fossé qui les sépare des élèves fortunés conduit à la tragédie.','EL_SAISON 1');
INSERT INTO EPISODES VALUES('SAMEDI SOIR',48,'05/10/2018','Lorsque trois enfants issus de la classe ouvrière accèdent à l école la plus élitiste d Espagne, le fossé qui les sépare des élèves fortunés conduit à la tragédie.','EL_SAISON 1');
INSERT INTO EPISODES VALUES('AMOUR DROGUE',50,'05/10/2018','Lorsque trois enfants issus de la classe ouvrière accèdent à l école la plus élitiste d Espagne, le fossé qui les sépare des élèves fortunés conduit à la tragédie.','EL_SAISON 1');
INSERT INTO EPISODES VALUES('MENSONGES',54,'05/10/2018','Lorsque trois enfants issus de la classe ouvrière accèdent à l école la plus élitiste d Espagne, le fossé qui les sépare des élèves fortunés conduit à la tragédie.','EL_SAISON 1');
INSERT INTO EPISODES VALUES('ASSILAH',56,'05/10/2018','Lorsque trois enfants issus de la classe ouvrière accèdent à l école la plus élitiste d Espagne, le fossé qui les sépare des élèves fortunés conduit à la tragédie.','EL_SAISON 1');
INSERT INTO EPISODES VALUES('20 HEURES',50,'06/09/2019','Après la mort d une camarade de classe, un élève disparaît, les alliances changent, des nouveaux entrent en scène, et les secrets deviennent impossibles à taire.','EL_SAISON 2');
INSERT INTO EPISODES VALUES('34 HEURES',51,'06/09/2019','Après la mort d une camarade de classe, un élève disparaît, les alliances changent, des nouveaux entrent en scène, et les secrets deviennent impossibles à taire.','EL_SAISON 2');
INSERT INTO EPISODES VALUES('59 HEURES',52,'06/09/2019','Après la mort d une camarade de classe, un élève disparaît, les alliances changent, des nouveaux entrent en scène, et les secrets deviennent impossibles à taire.','EL_SAISON 2');
INSERT INTO EPISODES VALUES('63 HEURES',55,'06/09/2019','Après la mort d une camarade de classe, un élève disparaît, les alliances changent, des nouveaux entrent en scène, et les secrets deviennent impossibles à taire.','EL_SAISON 2');
INSERT INTO EPISODES VALUES('LA DISPARITION',55,'06/09/2019','Après la mort d une camarade de classe, un élève disparaît, les alliances changent, des nouveaux entrent en scène, et les secrets deviennent impossibles à taire.','EL_SAISON 2');

INSERT INTO JOUER VALUES('BIENVENUE','MARIA','PEDRAZA');
INSERT INTO JOUER VALUES('BIENVENUE','ITZAN','ESCAMILIA');
INSERT INTO JOUER VALUES('BIENVENUE','ALVARO','RICO');
INSERT INTO JOUER VALUES('BIENVENUE','ESTER','EXPOSITO');
INSERT INTO JOUER VALUES('BIENVENUE','OMAR','AYUSO');
INSERT INTO JOUER VALUES('DESIR','MARIA','PEDRAZA');
INSERT INTO JOUER VALUES('DESIR','ITZAN','ESCAMILIA');
INSERT INTO JOUER VALUES('DESIR','ALVARO','RICO');
INSERT INTO JOUER VALUES('DESIR','ESTER','EXPOSITO');
INSERT INTO JOUER VALUES('DESIR','OMAR','AYUSO');
INSERT INTO JOUER VALUES('SAMEDI SOIR','MARIA','PEDRAZA');
INSERT INTO JOUER VALUES('SAMEDI SOIR','ITZAN','ESCAMILIA');
INSERT INTO JOUER VALUES('SAMEDI SOIR','ALVARO','RICO');
INSERT INTO JOUER VALUES('SAMEDI SOIR','ESTER','EXPOSITO');
INSERT INTO JOUER VALUES('SAMEDI SOIR','OMAR','AYUSO');
INSERT INTO JOUER VALUES('AMOUR DROGUE','MARIA','PEDRAZA');
INSERT INTO JOUER VALUES('AMOUR DROGUE','ITZAN','ESCAMILIA');
INSERT INTO JOUER VALUES('AMOUR DROGUE','ALVARO','RICO');
INSERT INTO JOUER VALUES('AMOUR DROGUE','ESTER','EXPOSITO');
INSERT INTO JOUER VALUES('AMOUR DROGUE','OMAR','AYUSO');
INSERT INTO JOUER VALUES('MENSONGES','MARIA','PEDRAZA');
INSERT INTO JOUER VALUES('MENSONGES','ITZAN','ESCAMILIA');
INSERT INTO JOUER VALUES('MENSONGES','ALVARO','RICO');
INSERT INTO JOUER VALUES('MENSONGES','ESTER','EXPOSITO');
INSERT INTO JOUER VALUES('MENSONGES','OMAR','AYUSO');
INSERT INTO JOUER VALUES('ASSILAH','MARIA','PEDRAZA');
INSERT INTO JOUER VALUES('ASSILAH','ITZAN','ESCAMILIA');
INSERT INTO JOUER VALUES('ASSILAH','ALVARO','RICO');
INSERT INTO JOUER VALUES('ASSILAH','ESTER','EXPOSITO');
INSERT INTO JOUER VALUES('ASSILAH','OMAR','AYUSO');
INSERT INTO JOUER VALUES('20 HEURES','CLAUDIA','SALAS');
INSERT INTO JOUER VALUES('20 HEURES','JORGE','LOPEZ');
INSERT INTO JOUER VALUES('20 HEURES','ITZAN','ESCAMILIA');
INSERT INTO JOUER VALUES('20 HEURES','ALVARO','RICO');
INSERT INTO JOUER VALUES('20 HEURES','ESTER','EXPOSITO');
INSERT INTO JOUER VALUES('20 HEURES','OMAR','AYUSO');
INSERT INTO JOUER VALUES('34 HEURES','CLAUDIA','SALAS');
INSERT INTO JOUER VALUES('34 HEURES','JORGE','LOPEZ');
INSERT INTO JOUER VALUES('34 HEURES','ITZAN','ESCAMILIA');
INSERT INTO JOUER VALUES('34 HEURES','ALVARO','RICO');
INSERT INTO JOUER VALUES('34 HEURES','ESTER','EXPOSITO');
INSERT INTO JOUER VALUES('34 HEURES','OMAR','AYUSO');
INSERT INTO JOUER VALUES('59 HEURES','CLAUDIA','SALAS');
INSERT INTO JOUER VALUES('59 HEURES','JORGE','LOPEZ');
INSERT INTO JOUER VALUES('59 HEURES','ITZAN','ESCAMILIA');
INSERT INTO JOUER VALUES('59 HEURES','ALVARO','RICO');
INSERT INTO JOUER VALUES('59 HEURES','ESTER','EXPOSITO');
INSERT INTO JOUER VALUES('59 HEURES','OMAR','AYUSO');
INSERT INTO JOUER VALUES('63 HEURES','CLAUDIA','SALAS');
INSERT INTO JOUER VALUES('63 HEURES','JORGE','LOPEZ');
INSERT INTO JOUER VALUES('63 HEURES','ITZAN','ESCAMILIA');
INSERT INTO JOUER VALUES('63 HEURES','ALVARO','RICO');
INSERT INTO JOUER VALUES('63 HEURES','ESTER','EXPOSITO');
INSERT INTO JOUER VALUES('63 HEURES','OMAR','AYUSO');
INSERT INTO JOUER VALUES('LA DISPARITION','CLAUDIA','SALAS');
INSERT INTO JOUER VALUES('LA DISPARITION','JORGE','LOPEZ');
INSERT INTO JOUER VALUES('LA DISPARITION','ITZAN','ESCAMILIA');
INSERT INTO JOUER VALUES('LA DISPARITION','ALVARO','RICO');
INSERT INTO JOUER VALUES('LA DISPARITION','ESTER','EXPOSITO');
INSERT INTO JOUER VALUES('LA DISPARITION','OMAR','AYUSO');



INSERT INTO JOUER VALUES('LA DISPARITION','BRAYAN','CRANSTON');
INSERT INTO JOUER VALUES('MENSONGES','BRAYAN','CRANSTON');
INSERT INTO JOUER VALUES('59 HEURES','BRAYAN','CRANSTON');
INSERT INTO JOUER VALUES('ASSILAH','BRAYAN','CRANSTON');
INSERT INTO JOUER VALUES('DESIR','BRAYAN','CRANSTON');



INSERT INTO REALISER VALUES('BIENVENUE','DARIO','SALAZAR');
INSERT INTO REALISER VALUES('DESIR','DARIO','SALAZAR');
INSERT INTO REALISER VALUES('MENSONGES','DARIO','SALAZAR');
INSERT INTO REALISER VALUES('34 HEURES','DARIO','SALAZAR');
INSERT INTO REALISER VALUES('SAMEDI SOIR','DANI','ORDEN');
INSERT INTO REALISER VALUES('AMOUR DROGUE','DANI','ORDEN');
INSERT INTO REALISER VALUES('20 HEURES','DANI','ORDEN');
INSERT INTO REALISER VALUES('LA DISPARITION','DANI','ORDEN');

INSERT INTO UTILISATEURS VALUES('TOTO10','10/11/2017',20,'M');
INSERT INTO UTILISATEURS VALUES('TITI20','18/08/2017',22,'M');
INSERT INTO UTILISATEURS VALUES('TOTO30','29/03/2017',19,'F');
INSERT INTO UTILISATEURS VALUES('TATA11','30/06/2017',25,'F');
INSERT INTO UTILISATEURS VALUES('Azrod95','15/04/2013',30,'M');
INSERT INTO UTILISATEURS VALUES('Azrod96','20/04/2013',25,'M');
INSERT INTO UTILISATEURS VALUES('Azrod94','13/04/2012',42,'F');
INSERT INTO UTILISATEURS VALUES('Azrod90','18/04/2014',19,'F');



INSERT INTO NOTER_EPI VALUES('TOTO10','BIENVENUE',9,'UN SUPER DEBUT, J AI AIMÉ !!!','07/10/2018');
INSERT INTO NOTER_EPI VALUES('TATA11','BIENVENUE',9,'C EST PAS TERIBLE','19/12/2018');

INSERT INTO NOTER_SER VALUES('TITI20','ELITE',2018,10,'FRANCHEMENT RIEN A DIRE SUR LA SERIE <3','19/08/2019');

INSERT INTO MESSAGES VALUES(1,'SONDAGE','QUI A VRAIMENT AIMÉ LA SERIE ELITE ????????','TOTO30','10/10/2018');
INSERT INTO MESSAGES VALUES(2,'urgent','SUIVEZ MOI SUR LES RESEAUX !!!!','TOTO10','20/03/2019');

INSERT INTO REPONSE VALUES(3,'MOI VRAIMENT JE L AI REVUE DEUX FOIS TELLEMENT J ADORE ****',1,'TITI20','19/08/2019');

INSERT INTO ASSOCIER VALUES(2,'ELITE',2018);










-- ************************************************* SERIE OLIVE ET TOM ****************************************************************--
INSERT INTO SERIES VALUES('OLIVE ET TOM',1983,'JAPON',1);

INSERT INTO GENRES VALUES('ANIMATION');

INSERT INTO TYPE VALUES('OLIVE ET TOM',1983,'ANIMATION');

INSERT INTO PERSONNES VALUES('YOICHI','TAKAHASHI','JAPON');
INSERT INTO PERSONNES VALUES('OLIVIER','ATTON','JAPON');
INSERT INTO PERSONNES VALUES('THOMAS','PRICE','JAPON');
INSERT INTO PERSONNES VALUES('MARK','LANDERS','JAPON');
INSERT INTO PERSONNES VALUES('BEN','BECKER','JAPON');
INSERT INTO PERSONNES VALUES('NICOLAS','AGNIO','JAPON');

INSERT INTO CREER VALUES('OLIVE ET TOM',1983,'YOICHI','TAKAHASHI','10/01/1983');

INSERT INTO PRODUIRE VALUES('OLIVE ET TOM',1983,'YOICHI','TAKAHASHI');

INSERT INTO SAISONS VALUES('OT_SAISON 1',3,'OLIVE ET TOM',1983);

INSERT INTO EPISODES VALUES('PRENDS LE VOL',22,'13/10/1983','L ENTRENEMENT DES JOEURS POUR LE GRADN MATCH','OT_SAISON 1');
INSERT INTO EPISODES VALUES('COUP D ENVOI',22,'20/10/1983','LE DEBUT DU MATCH','OT_SAISON 1');
INSERT INTO EPISODES VALUES('GAGNER REVER',22,'24/10/1983','LA FIN DU MATCH QUI S ANNONCE HEUSEUSE','OT_SAISON 1');

INSERT INTO JOUER VALUES('PRENDS LE VOL','OLIVIER','ATTON');
INSERT INTO JOUER VALUES('PRENDS LE VOL','THOMAS','PRICE');
INSERT INTO JOUER VALUES('PRENDS LE VOL','MARK','LANDERS');
INSERT INTO JOUER VALUES('PRENDS LE VOL','BEN','BECKER');
INSERT INTO JOUER VALUES('PRENDS LE VOL','NICOLAS','AGNIO');
INSERT INTO JOUER VALUES('COUP D ENVOI','OLIVIER','ATTON');
INSERT INTO JOUER VALUES('COUP D ENVOI','THOMAS','PRICE');
INSERT INTO JOUER VALUES('COUP D ENVOI','MARK','LANDERS');
INSERT INTO JOUER VALUES('COUP D ENVOI','BEN','BECKER');
INSERT INTO JOUER VALUES('COUP D ENVOI','NICOLAS','AGNIO');
INSERT INTO JOUER VALUES('GAGNER REVER','OLIVIER','ATTON');
INSERT INTO JOUER VALUES('GAGNER REVER','THOMAS','PRICE');
INSERT INTO JOUER VALUES('GAGNER REVER','MARK','LANDERS');
INSERT INTO JOUER VALUES('GAGNER REVER','BEN','BECKER');
INSERT INTO JOUER VALUES('GAGNER REVER','NICOLAS','AGNIO');

INSERT INTO JOUER VALUES('PRENDS LE VOL','BRAYAN','CRANSTON');
INSERT INTO JOUER VALUES('GAGNER REVER','BRAYAN','CRANSTON');


INSERT INTO NOTER_EPI VALUES('TOTO10','PRENDS LE VOL',5,'C EST TROP LONNNNNNNNGG !!!!!!!!!!!!!!!!!!!!!!!!','16/12/2018');
INSERT INTO NOTER_EPI VALUES('Azrod95','PRENDS LE VOL',9,'JE SUIS PASSIONNÉ PAR LES DESSIN ANIMÉ****','19/03/2017');

INSERT INTO NOTER_SER VALUES('Azrod95','OLIVIER ET TOM',1983,9,'JE SUIS PASSIONNÉ PAR LES DESSIN ANIMÉ****','19/03/2017');

INSERT INTO MESSAGES VALUES(5,'INFO','BONJOUR TOUT LE MONDE QUI AIME LES DESSINS ANIMÉS ?????','Azrod95','20/04/2017');
INSERT INTO MESSAGES VALUES(10,'MERCI','MERCI TOUT LE MONDE POUR VOTRE SOUTIENS','Azrod95','30/10/2017');















-- ********************************************** SERIE FRERES D'ARMES ******************************************************************************--
INSERT INTO SERIES VALUES('BAND OF BROTHERS',2001,'USA',1);

INSERT INTO GENRES VALUES('GUERRE');
INSERT INTO GENRES VALUES('BIOGRAPHIE');

INSERT INTO TYPE VALUES('BAND OF BROTHERS',2001,'GUERRE');
INSERT INTO TYPE VALUES('BAND OF BROTHERS',2001,'BIOGRAPHIE');

INSERT INTO PERSONNES VALUES('STEVEN','SPIELBERG','AMERICAINE');
INSERT INTO PERSONNES VALUES('TOM','HANKS','AMERICAINE');
INSERT INTO PERSONNES VALUES('DAMIEN','LEWIS','BRITANNIQUE');
INSERT INTO PERSONNES VALUES('RON','LIVINGSTON','AMERICAINE');
INSERT INTO PERSONNES VALUES('SHANE','TAYLOR','BRITANNIQUE');
INSERT INTO PERSONNES VALUES('PHIL ALDEN','ROBINSON','AMERICAINE');
INSERT INTO PERSONNES VALUES('RICHARD','LONCRAINE','BRITANNIQUE');
INSERT INTO PERSONNES VALUES('DAVID','NUTTER','AMERICAINE');
INSERT INTO PERSONNES VALUES('TONY','TO','AMERICAINE');

INSERT INTO CREER VALUES('BAND OF BROTHERS',2001,'STEVEN','SPIELBERG','10/04/2001');
INSERT INTO CREER VALUES('BAND OF BROTHERS',2001,'TOM','HANKS','10/04/2001');

INSERT INTO PRODUIRE VALUES('BAND OF BROTHERS',2001,'STEVEN','SPIELBERG');
INSERT INTO PRODUIRE VALUES('BAND OF BROTHERS',2001,'TOM','HANKS');

INSERT INTO SAISONS VALUES('BOB_SAISON 1',5,'BAND OF BROTHERS',2001);

INSERT INTO EPISODES VALUES('CURRAHEE',50,'09/09/2001','en 1942, des jeunes hommes, venus des quatre coins des États-Unis, se portent volontaires pour faire partie de la compagnie E du 2e bataillon du 506e régiment d infanterie','BOB_SAISON 1');
INSERT INTO EPISODES VALUES('DAY OF DAYS',55,'09/09/2001','Le 6 juin 1944, sur les côtes de la Manche, sous le feu ennemi, les parachutistes sont largués au hasard dans la campagne normande','BOB_SAISON 1');
INSERT INTO EPISODES VALUES('REPLACEMENTS',60,'23/09/2001','Un nouveau parachutage est envisagé. Pour compenser les lourdes pertes, des soldats, fraîchement formés, rejoignent les rangs de la « Easy Company ».','BOB_SAISON 1');
INSERT INTO EPISODES VALUES('THE LAST PATROL',65,'21/10/2001','La « Easy Company » s installe dans la ville alsacienne de Haguenau, et doit essuyer les bombardements allemands venant de l autre côté de la rivière.','BOB_SAISON 1');
INSERT INTO EPISODES VALUES('POINTS',70,'04/11/2001','La guerre s achève. La « Easy Company » arrive en Bavière à Berchtesgaden, ville de villégiature des barons du nazisme, où elle prend possession du « nid d aigle » d Hitler','BOB_SAISON 1');

INSERT INTO REALISER VALUES('CURRAHEE','PHIL ALDEN','ROBINSON');
INSERT INTO REALISER VALUES('DAY OF DAYS','RICHARD','LONCRAINE');
INSERT INTO REALISER VALUES('REPLACEMENTS','DAVID','NUTTER');
INSERT INTO REALISER VALUES('THE LAST PATROL','DAVID','NUTTER');
INSERT INTO REALISER VALUES('POINTS','TONY','TO');

INSERT INTO JOUER VALUES('CURRAHEE','DAMIEN','LEWIS');
INSERT INTO JOUER VALUES('CURRAHEE','RON','LIVINGSTON');
INSERT INTO JOUER VALUES('CURRAHEE','SHANE','TAYLOR');
INSERT INTO JOUER VALUES('DAY OF DAYS','DAMIEN','LEWIS');
INSERT INTO JOUER VALUES('DAY OF DAYS','RON','LIVINGSTON');
INSERT INTO JOUER VALUES('DAY OF DAYS','SHANE','TAYLOR');
INSERT INTO JOUER VALUES('REPLACEMENTS','DAMIEN','LEWIS');
INSERT INTO JOUER VALUES('REPLACEMENTS','RON','LIVINGSTON');
INSERT INTO JOUER VALUES('REPLACEMENTS','SHANE','TAYLOR');
INSERT INTO JOUER VALUES('THE LAST PATROL','DAMIEN','LEWIS');
INSERT INTO JOUER VALUES('THE LAST PATROL','RON','LIVINGSTON');
INSERT INTO JOUER VALUES('THE LAST PATROL','SHANE','TAYLOR');
INSERT INTO JOUER VALUES('POINTS','DAMIEN','LEWIS');
INSERT INTO JOUER VALUES('POINTS','RON','LIVINGSTON');
INSERT INTO JOUER VALUES('POINTS','SHANE','TAYLOR');

INSERT INTO JOUER VALUES('CURRAHEE','BRAYAN','CRANSTON');
INSERT INTO JOUER VALUES('REPLACEMENTS','BRAYAN','CRANSTON');
INSERT INTO JOUER VALUES('POINTS','BRAYAN','CRANSTON');


INSERT INTO NOTER_SER VALUES('TITI20','BAND OF BROTHERS',2001,9,'FRANCHEMENT RIEN A DIRE SUR LA SERIE, ELLE EST SUPERBEEEEEEEEEEEEEEEEEEEEEEEEEEEEEEEEEEEEEEE!!!!!!!!!!!!!!!!!!!!','18/09/2018');

INSERT INTO MESSAGES VALUES(8,'SUUPER!!','BON JE SAIS PAS QUOI DIRE MAIS BON !!!','Azrod95','28/12/2018');











-- ********************************************** SERIE RICK AND MORTY *************************************************************************************--
INSERT INTO SERIES VALUES('RICK AND MORTY',2013,'USA',1);

INSERT INTO GENRES VALUES('COMEDIE');
INSERT INTO GENRES VALUES('SCIENCE FICTION');

INSERT INTO TYPE VALUES('RICK AND MORTY',2013,'COMEDIE');
INSERT INTO TYPE VALUES('RICK AND MORTY',2013,'SCIENCE FICTION');

INSERT INTO PERSONNES VALUES('DAN','HARMON','AMERICAINE');
INSERT INTO PERSONNES VALUES('JUSTIN','ROILAND','AMERICAINE');
INSERT INTO PERSONNES VALUES('SPENCER','GRAMMER','AMERICAINE');
INSERT INTO PERSONNES VALUES('SARAH','CHALKE','AMERICAINE');

INSERT INTO CREER VALUES('RICK AND MORTY',2013,'DAN','HARMON','17/02/2013');
INSERT INTO CREER VALUES('RICK AND MORTY',2013,'JUSTIN','ROILAND','17/02/2013');

INSERT INTO PRODUIRE VALUES('RICK AND MORTY',2013,'JUSTIN','ROILAND');

INSERT INTO SAISONS VALUES('RM_SAISON 1',4,'RICK AND MORTY',2013);

INSERT INTO EPISODES VALUES('PILOTE',50,'02/12/2013','Rick emménage avec la famille de sa fille et a une mauvaise influence sur son petit fils, Morty.','RM_SAISON 1');
INSERT INTO EPISODES VALUES('BOITE LARBINS',50,'20/01/2014','Jerry se plaint du fait que Morty passe trop de temps avec Rick au lieu de se rendre utile dans la maison','RM_SAISON 1');
INSERT INTO EPISODES VALUES('RICKSY',50,'07/04/2014','Rick se fait pourchasser par ses soi des autres dimensions, et se dispute avec Morty. ','RM_SAISON 1');
INSERT INTO EPISODES VALUES('TOTAL RICKALL',50,'16/08/2015','La famille fait face à une invasion de parasites extra-terrestres modifiant leur mémoire. ','RM_SAISON 1');

INSERT INTO JOUER VALUES('PILOTE','SPENCER','GRAMMER');
INSERT INTO JOUER VALUES('PILOTE','SARAH','CHALKE');
INSERT INTO JOUER VALUES('PILOTE','JUSTIN','ROILAND');
INSERT INTO JOUER VALUES('BOITE LARBINS','SPENCER','GRAMMER');
INSERT INTO JOUER VALUES('BOITE LARBINS','SARAH','CHALKE');
INSERT INTO JOUER VALUES('BOITE LARBINS','JUSTIN','ROILAND');
INSERT INTO JOUER VALUES('RICKSY','SPENCER','GRAMMER');
INSERT INTO JOUER VALUES('RICKSY','SARAH','CHALKE');
INSERT INTO JOUER VALUES('RICKSY','JUSTIN','ROILAND');
INSERT INTO JOUER VALUES('TOTAL RICKALL','SPENCER','GRAMMER');
INSERT INTO JOUER VALUES('TOTAL RICKALL','SARAH','CHALKE');
INSERT INTO JOUER VALUES('TOTAL RICKALL','JUSTIN','ROILAND');

INSERT INTO JOUER VALUES('PILOTE','BRAYAN','CRANSTON');
INSERT INTO JOUER VALUES('TOTAL RICKALL','BRAYAN','CRANSTON');
INSERT INTO JOUER VALUES('RICKSY','BRAYAN','CRANSTON');



INSERT INTO NOTER_SER VALUES('TATA11','RICK AND MORTY',2013,7,'UNE SERIE BIEN REALISER, ON RIGOLE BIEN DANS LA SIENCE FISTION! ','30/10/2018');
INSERT INTO NOTER_SER VALUES('Azrod95','RICK AND MORTY',2013,2,'UNE SERIE BIEN REALISER, ON RIGOLE BIEN DANS LA SIENCE FISTION! ','03/08/2015');
INSERT INTO NOTER_SER VALUES('Azrod90','RICK AND MORTY',2013,0,'UNE SERIE BIEN REALISER, ON RIGOLE BIEN DANS LA SIENCE FISTION! ','10/10/2016');










-- ********************************************************************** SERIE BIG BANG THEORY *******************************************************************************************************--
INSERT INTO SERIES VALUES('THE BIG BANG THEORY',2007,'USA',3);

INSERT INTO GENRES VALUES('SITCOM');

INSERT INTO TYPE VALUES('THE BIG BANG THEORY',2007,'SITCOM');

INSERT INTO PERSONNES VALUES('CHUCK','LORRE','AMERICAINE');
INSERT INTO PERSONNES VALUES('BILL','PRADY','AMERICAINE');



INSERT INTO CREER VALUES('THE BIG BANG THEORY',2007,'CHUCK','LORRE','19/02/2007');
INSERT INTO CREER VALUES('THE BIG BANG THEORY',2007,'BILL','PRADY','19/02/2007');

INSERT INTO PRODUIRE VALUES('THE BIG BANG THEORY',2007,'CHUCK','LORRE');

INSERT INTO SAISONS VALUES('BBT_SAISON 1',5,'THE BIG BANG THEORY',2007);
INSERT INTO SAISONS VALUES('BBT_SAISON 2',6,'THE BIG BANG THEORY',2007);
INSERT INTO SAISONS VALUES('BBT_SAISON 3',5,'THE BIG BANG THEORY',2007);

INSERT INTO EPISODES VALUES('CHAPITRE1',22,'24/09/2007','BREF JE SAIS PAS !!','BBT_SAISON 1');
INSERT INTO EPISODES VALUES('CHAPITRE2',22,'30/09/2007','BREF JE SAIS PAS !!','BBT_SAISON 1');
INSERT INTO EPISODES VALUES('CHAPITRE3',20,'04/10/2007','BREF JE SAIS PAS !!','BBT_SAISON 1');
INSERT INTO EPISODES VALUES('CHAPITRE4',22,'11/10/2007','BREF JE SAIS PAS !!','BBT_SAISON 1');
INSERT INTO EPISODES VALUES('CHAPITRE5',24,'19/10/2007','BREF JE SAIS PAS !!','BBT_SAISON 1');
INSERT INTO EPISODES VALUES('CHAPITRE6',22,'24/10/2007','BREF JE SAIS PAS !!','BBT_SAISON 2');
INSERT INTO EPISODES VALUES('CHAPITRE7',25,'29/10/2007','BREF JE SAIS PAS !!','BBT_SAISON 2');
INSERT INTO EPISODES VALUES('CHAPITRE8',22,'01/11/2007','BREF JE SAIS PAS !!','BBT_SAISON 2');
INSERT INTO EPISODES VALUES('CHAPITRE9',27,'09/11/2007','BREF JE SAIS PAS !!','BBT_SAISON 2');
INSERT INTO EPISODES VALUES('CHAPITRE10',22,'16/11/2007','BREF JE SAIS PAS !!','BBT_SAISON 2');
INSERT INTO EPISODES VALUES('CHAPITRE11',20,'24/11/2007','BREF JE SAIS PAS !!','BBT_SAISON 2');
INSERT INTO EPISODES VALUES('CHAPITRE12',22,'29/11/2007','BREF JE SAIS PAS !!','BBT_SAISON 3');
INSERT INTO EPISODES VALUES('CHAPITRE13',21,'06/12/2007','BREF JE SAIS PAS !!','BBT_SAISON 3');
INSERT INTO EPISODES VALUES('CHAPITRE14',22,'17/12/2007','BREF JE SAIS PAS !!','BBT_SAISON 3');
INSERT INTO EPISODES VALUES('CHAPITRE15',26,'24/12/2007','BREF JE SAIS PAS !!','BBT_SAISON 3');
INSERT INTO EPISODES VALUES('CHAPITRE16',22,'30/12/2007','BREF JE SAIS PAS !!','BBT_SAISON 3');

INSERT INTO JOUER VALUES('CHAPITRE16','BRAYAN','CRANSTON');
INSERT INTO JOUER VALUES('CHAPITRE15','BRAYAN','CRANSTON');
INSERT INTO JOUER VALUES('CHAPITRE9','BRAYAN','CRANSTON');
INSERT INTO JOUER VALUES('CHAPITRE1','BRAYAN','CRANSTON');
INSERT INTO JOUER VALUES('CHAPITRE4','BRAYAN','CRANSTON');
INSERT INTO JOUER VALUES('CHAPITRE7','BRAYAN','CRANSTON');


INSERT INTO NOTER_SER VALUES('TOTO10','THE BIG BANG THEORY',2007,9,'J ADDDDDDDDDDDDDDDDOOOOOOOOOOOOOOOOOOOOORE !!!','25/09/2018');
INSERT INTO NOTER_SER VALUES('TOTO30','THE BIG BANG THEORY',2007,2,'J ADDDDDDDDDDDDDDDDOOOOOOOOOOOOOOOOOOOOORE !!!','25/09/2018');
INSERT INTO NOTER_SER VALUES('TITI20','THE BIG BANG THEORY',2007,2,'J ADDDDDDDDDDDDDDDDOOOOOOOOOOOOOOOOOOOOORE !!!','25/09/2018');
INSERT INTO NOTER_SER VALUES('TATA11','THE BIG BANG THEORY',2007,0,'J ADDDDDDDDDDDDDDDDOOOOOOOOOOOOOOOOOOOOORE !!!','25/09/2018');
INSERT INTO NOTER_SER VALUES('Azrod95','THE BIG BANG THEORY',2007,10,'J ADDDDDDDDDDDDDDDDOOOOOOOOOOOOOOOOOOOOORE !!!','25/09/2018');
INSERT INTO NOTER_SER VALUES('Azrod90','THE BIG BANG THEORY',2007,7,'J ADDDDDDDDDDDDDDDDOOOOOOOOOOOOOOOOOOOOORE !!!','25/09/2018');
INSERT INTO NOTER_SER VALUES('Azrod94','THE BIG BANG THEORY',2007,4,'J ADDDDDDDDDDDDDDDDOOOOOOOOOOOOOOOOOOOOORE !!!','25/09/2018');
INSERT INTO NOTER_SER VALUES('Azrod96','THE BIG BANG THEORY',2007,0,'J ADDDDDDDDDDDDDDDDOOOOOOOOOOOOOOOOOOOOORE !!!','25/09/2018');











-- *************************************************************************** SERIE BREAKING BAD *********************************************$--
INSERT INTO SERIES VALUES('BREAKING BAD',2008,'USA',5);

INSERT INTO GENRES VALUES('POLICIER');

INSERT INTO TYPE VALUES('BREAKING BAD',2008,'DRAMARIQUE');
INSERT INTO TYPE VALUES('BREAKING BAD',2008,'POLICIER');
INSERT INTO TYPE VALUES('BREAKING BAD',2008,'THRILLER');
INSERT INTO TYPE VALUES('BREAKING BAD',2008,'COMEDIE');

INSERT INTO PERSONNES VALUES('VINCE','GILIAGAN','AMERICAINE');
INSERT INTO PERSONNES VALUES('MARK','JOHNSON','AMERICAINE');
INSERT INTO PERSONNES VALUES('ANNA','GUNN','AMERICAINE');
INSERT INTO PERSONNES VALUES('AARON','PAUL','AMERICAINE');
INSERT INTO PERSONNES VALUES('DEAN','NORRIS','AMERICAINE');

INSERT INTO CREER VALUES('BREAKING BAD',2008,'VINCE','GILIAGAN','20/01/2007');

INSERT INTO PRODUIRE VALUES('BREAKING BAD',2008,'MARK','JOHNSON');

INSERT INTO SAISONS VALUES('BRB_SAISON 1',3,'BREAKING BAD',2008);
INSERT INTO SAISONS VALUES('BRB_SAISON 2',3,'BREAKING BAD',2008);
INSERT INTO SAISONS VALUES('BRB_SAISON 3',3,'BREAKING BAD',2008);
INSERT INTO SAISONS VALUES('BRB_SAISON 4',3,'BREAKING BAD',2008);
INSERT INTO SAISONS VALUES('BRB_SAISON 5',3,'BREAKING BAD',2008);

INSERT INTO EPISODES VALUES('LA CHUTE LIBRE',47,'20/01/2008','Walter White, 50 ans, est Professeur de chimie dans un lycée public. Il travaille parallèlement dans une station de lavage de voitures afin de boucler les fins de mois.','BRB_SAISON 1');
INSERT INTO EPISODES VALUES('CANCER MAN',47,'17/02/2008','Walt et Jesse décident de cuisiner dans un camping-car au fond du désert. Jesse prend contact avec un revendeur de drogue, Krazy-8, afin d Ecouler leur petit stock.','BRB_SAISON 1');
INSERT INTO EPISODES VALUES('FRUIT DEFENDU',47,'09/03/2008','Walter et Jesse rencontrent des difficultés pour produire la grande quantité de meth promise à Tuco, ayant opté pour une formule à la méthylamine, composant indispensable à la production.','BRB_SAISON 1');
INSERT INTO EPISODES VALUES('TRAQUES',47,'08/03/2009','Après avoir terminé leur accord avec Tuco dans la casse, Walt et Jesse réalisent que Tuco est fou.','BRB_SAISON 2');
INSERT INTO EPISODES VALUES('ALIBI',47,'22/03/2009','Walt décide de faire passer sa disparition pour une amnésie et s arrange pour qu on le trouve nu dans un supermarché.','BRB_SAISON 2');
INSERT INTO EPISODES VALUES('INTROSPECTION',47,'10/05/2009','résultats sont tombés : le cancer de Walt est en rémission. Pour fêter cette bonne nouvelle, Skyler organise une fête réunissant amis et famille. Walt boit un peu trop et tient tête à Hank.','BRB_SAISON 2');
INSERT INTO EPISODES VALUES('CRASH',47,'21/03/2010','Des jumeaux mexicains demandent l aide d une divinité locale mexicaine pour provoquer la mort de « Heisenberg » en affichant son portrait.','BRB_SAISON 3');
INSERT INTO EPISODES VALUES('CAMPING-CAR',47,'25/04/2010','Walt part revivre dans son appartement. Il accepte le divorce et commence son nouveau « travail ». Jesse rappelle ses anciens collègues.','BRB_SAISON 3');
INSERT INTO EPISODES VALUES('PLEINE MESURE',47,'13/06/2010','Walter essaie de négocier un arrangement avec Gus et Mike pour avoir la vie sauve. Il joue sur sa valeur en tant que cuisiner, inégalable selon lui. ','BRB_SAISON 3');
INSERT INTO EPISODES VALUES('LE CUTTER',47,'17/07/2011','Jesse a tué Gale d une balle sous l’œil gauche. Victor, l homme de main de Gustavo retrouve le jeune homme, en état de choc, et le ramène au labo où Mike détient Walter.','BRB_SAISON 4');
INSERT INTO EPISODES VALUES('NEGOCIATIONS',47,'28/08/2011','Walt se débarrasse de la voiture qu Il a acheté à son fils en la faisant exploser sur un parking. ','BRB_SAISON 4');
INSERT INTO EPISODES VALUES('MAT',47,'09/10/2011','Jesse est interrogé par le FBI pour savoir pourquoi il a indiqué que Brock avait été empoisonné par de la ricine aux médecins. ','BRB_SAISON 4');
INSERT INTO EPISODES VALUES('MADRIGAL',47,'22/07/2012','Continuant l enquête et tirant parti de la liste cachée retrouvée après le sabotage du dépôt des scellés, la DEA commence à se pencher sur les finances et les partenaires .','BRB_SAISON 5');
INSERT INTO EPISODES VALUES('PRIX DU SANG',47,'11/08/2013','L introduction de cet épisode se déroule plusieurs mois après, sous forme de flash-forward.','BRB_SAISON 5');
INSERT INTO EPISODES VALUES('SEUL AU MONDE',47,'15/09/2013','La fusillade dans le désert vient tout juste de prendre fin. L agent Gomez est mort et Hank est blessé à la jambe.','BRB_SAISON 5');


INSERT INTO JOUER VALUES('LA CHUTE LIBRE','BRAYAN','CRANSTON');
INSERT INTO JOUER VALUES('CANCER MAN','BRAYAN','CRANSTON');
INSERT INTO JOUER VALUES('FRUIT DEFENDU','BRAYAN','CRANSTON');
INSERT INTO JOUER VALUES('TRAQUES','BRAYAN','CRANSTON');
INSERT INTO JOUER VALUES('ALIBI','BRAYAN','CRANSTON');
INSERT INTO JOUER VALUES('INTROSPECTION','BRAYAN','CRANSTON');
INSERT INTO JOUER VALUES('CRASH','BRAYAN','CRANSTON');
INSERT INTO JOUER VALUES('CAMPING-CAR','BRAYAN','CRANSTON');
INSERT INTO JOUER VALUES('PLEINE MESURE','BRAYAN','CRANSTON');
INSERT INTO JOUER VALUES('LE CUTTER','BRAYAN','CRANSTON');
INSERT INTO JOUER VALUES('NEGOCIATIONS','BRAYAN','CRANSTON');
INSERT INTO JOUER VALUES('MAT','BRAYAN','CRANSTON');
INSERT INTO JOUER VALUES('MADRIGAL','BRAYAN','CRANSTON');
INSERT INTO JOUER VALUES('PRIX DU SANG','BRAYAN','CRANSTON');
INSERT INTO JOUER VALUES('SEUL AU MONDE','BRAYAN','CRANSTON');
INSERT INTO JOUER VALUES('LA CHUTE LIBRE','ANNA','GUNN');
INSERT INTO JOUER VALUES('LA CHUTE LIBRE','AARON','PAUL');
INSERT INTO JOUER VALUES('LA CHUTE LIBRE','DEAN','NORRIS');
INSERT INTO JOUER VALUES('LE CUTTER','ANNA','GUNN');
INSERT INTO JOUER VALUES('LE CUTTER','AARON','PAUL');
INSERT INTO JOUER VALUES('TRAQUES','DEAN','NORRIS');
INSERT INTO JOUER VALUES('TRAQUES','ANNA','GUNN');
INSERT INTO JOUER VALUES('ALIBI','AARON','PAUL');
INSERT INTO JOUER VALUES('CAMPING-CAR','DEAN','NORRIS');

INSERT INTO JOUER VALUES('PRIX DU SANG','AARON','PAUL');
INSERT INTO JOUER VALUES('PRIX DU SANG','DEAN','NORRIS');
INSERT INTO JOUER VALUES('PRIX DU SANG','ANNA','GUNN');



















-- ********************************************* SERIE ACOUR 10 *****************************************************--
INSERT INTO SERIES VALUES('ACHOUR 10',2015,'ALGERIE',2);

INSERT INTO TYPE VALUES('ACHOUR 10',2015,'COMEDIE');

INSERT INTO PERSONNES VALUES('DJAAFAR','GACEM','ALGERIENNE');
INSERT INTO PERSONNES VALUES('SALAH','AOUGROUT','ALGERIENNE');
INSERT INTO PERSONNES VALUES('SOUHILA','MALLEM','ALGERIENNE');
INSERT INTO PERSONNES VALUES('YASMINE','AMMARI','ALGERIENNE');
INSERT INTO PERSONNES VALUES('MOHAMED','YABADRI','ALGERIENNE');

INSERT INTO CREER VALUES('ACHOUR 10',2015,'DJAAFAR','GACEM','18/11/2014');

INSERT INTO SAISONS VALUES('AC_SAISON 1',4,'ACHOUR 10',2015);
INSERT INTO SAISONS VALUES('AC_SAISON 2',4,'ACHOUR 10',2015);

INSERT INTO EPISODES VALUES('LA GUERRE',32,'18/06/2015','RACONTE LA VRAIE VIE DU GOUVERNEEMNT ALGERIEN','AC_SAISON 1');
INSERT INTO EPISODES VALUES('MHAJEB',32,'18/06/2015','RACONTE LA VRAIE VIE DU GOUVERNEEMNT ALGERIE','AC_SAISON 1');
INSERT INTO EPISODES VALUES('SULTAN LOQMAN',32,'18/06/2015','RACONTE LA VRAIE VIE DU GOUVERNEEMNT ALGERIEN','AC_SAISON 1');
INSERT INTO EPISODES VALUES('MARIAGE ABLA',32,'18/06/2015','RACONTE LA VRAIE VIE DU GOUVERNEEMNT ALGERIEN','AC_SAISON 1');
INSERT INTO EPISODES VALUES('LE BAC',32,'20/06/2016','RACONTE LA VRAIE VIE DU GOUVERNEEMNT ALGERIEN','AC_SAISON 2');
INSERT INTO EPISODES VALUES('REVOLTE DES FEMMES',32,'20/06/2016','RACONTE LA VRAIE VIE DU GOUVERNEEMNT ALGERIEN','AC_SAISON 2');
INSERT INTO EPISODES VALUES('LE COMPLOT',32,'20/06/2016','RACONTE LA VRAIE VIE DU GOUVERNEEMNT ALGERIEN','AC_SAISON 2');
INSERT INTO EPISODES VALUES('VIVE LE SULTAN',32,'20/06/2016','RACONTE LA VRAIE VIE DU GOUVERNEEMNT ALGERIEN','AC_SAISON 2');

INSERT INTO JOUER VALUES('LA GUERRE','SALAH','AOUGROUT');
INSERT INTO JOUER VALUES('MHAJEB','SALAH','AOUGROUT');
INSERT INTO JOUER VALUES('SULTAN LOQMAN','SALAH','AOUGROUT');
INSERT INTO JOUER VALUES('MARIAGE ABLA','SALAH','AOUGROUT');
INSERT INTO JOUER VALUES('LE BAC','SALAH','AOUGROUT');
INSERT INTO JOUER VALUES('REVOLTE DES FEMMES','SALAH','AOUGROUT');
INSERT INTO JOUER VALUES('LE COMPLOT','SALAH','AOUGROUT');
INSERT INTO JOUER VALUES('VIVE LE SULTAN','SALAH','AOUGROUT');
INSERT INTO JOUER VALUES('MARIAGE ABLA','SOUHILA','MALLEM');
INSERT INTO JOUER VALUES('LE BAC','SOUHILA','MALLEM');
INSERT INTO JOUER VALUES('REVOLTE DES FEMMES','SOUHILA','MALLEM');
INSERT INTO JOUER VALUES('LE COMPLOT','SOUHILA','MALLEM');
INSERT INTO JOUER VALUES('VIVE LE SULTAN','SOUHILA','MALLEM');
INSERT INTO JOUER VALUES('MARIAGE ABLA','YASMINE','AMMARI');
INSERT INTO JOUER VALUES('LE BAC','YASMINE','AMMARI');
INSERT INTO JOUER VALUES('REVOLTE DES FEMMES','YASMINE','AMMARI');
INSERT INTO JOUER VALUES('LE COMPLOT','YASMINE','AMMARI');
INSERT INTO JOUER VALUES('VIVE LE SULTAN','YASMINE','AMMARI');
INSERT INTO JOUER VALUES('MARIAGE ABLA','MOHAMED','YABADRI');
INSERT INTO JOUER VALUES('LE BAC','MOHAMED','YABADRI');
INSERT INTO JOUER VALUES('REVOLTE DES FEMMES','MOHAMED','YABADRI');
INSERT INTO JOUER VALUES('LE COMPLOT','MOHAMED','YABADRI');
INSERT INTO JOUER VALUES('VIVE LE SULTAN','MOHAMED','YABADRI');


INSERT INTO NOTER_EPI VALUES('TITI20','LA GUERRE',9,'C EST UNE SERIE QUI REFLETE LA VE QUOTIDIENNE DES ALGERIENS ET SON GOUVERNEMENT COUREMPU','01/12/2019');
INSERT INTO NOTER_EPI VALUES('TATA11','LE BAC',9,'C EST UNE SERIE QUI REFLETE LA VE QUOTIDIENNE DES ALGERIENS ET SON GOUVERNEMENT COUREMPU','01/12/2019');
INSERT INTO NOTER_EPI VALUES('Azrod90','REVOLTE DES FEMMES',7,'C EST UNE SERIE QUI REFLETE LA VE QUOTIDIENNE DES ALGERIENS ET SON GOUVERNEMENT COUREMPU','01/12/2019');
INSERT INTO NOTER_EPI VALUES('Azrod96','LE COMPLOT',10,'C EST UNE SERIE QUI REFLETE LA VE QUOTIDIENNE DES ALGERIENS ET SON GOUVERNEMENT COUREMPU','01/12/2019');
INSERT INTO NOTER_EPI VALUES('Azrod95','MARIAG ABLA',9,'C EST UNE SERIE QUI REFLETE LA VE QUOTIDIENNE DES ALGERIENS ET SON GOUVERNEMENT COUREMPU','01/12/2019');

INSERT INTO NOTER_SER VALUES('TITI20','ACHOUR 10',2015,10,'C EST UNE SERIE QUI REFLETE LA VIE QUOTIDIENNE DES ALGERIENS ET SON GOUVERNEMENT COUREMPU A VOIR VITTTTEEEEEEEEEE','01/12/2019');
INSERT INTO NOTER_SER VALUES('TATA11','ACHOUR 10',2015,8,'C EST UNE SERIE QUI REFLETE LA VIE QUOTIDIENNE DES ALGERIENS ET SON GOUVERNEMENT COUREMPU A VOIR VITTTTEEEEEEEEEE','01/12/2019');
INSERT INTO NOTER_SER VALUES('Azrod90','ACHOUR 10',2015,9,'C EST UNE SERIE QUI REFLETE LA VIE QUOTIDIENNE DES ALGERIENS ET SON GOUVERNEMENT COUREMPU A VOIR VITTTTEEEEEEEEEE','01/12/2019');
INSERT INTO NOTER_SER VALUES('Azrod94','ACHOUR 10',2015,7,'C EST UNE SERIE QUI REFLETE LA VIE QUOTIDIENNE DES ALGERIENS ET SON GOUVERNEMENT COUREMPU A VOIR VITTTTEEEEEEEEEE','01/12/2019');
INSERT INTO NOTER_SER VALUES('Azrod95','ACHOUR 10',2015,9,'C EST UNE SERIE QUI REFLETE LA VIE QUOTIDIENNE DES ALGERIENS ET SON GOUVERNEMENT COUREMPU A VOIR VITTTTEEEEEEEEEE','01/12/2019');
INSERT INTO NOTER_SER VALUES('Azrod96','ACHOUR 10',2015,10,'C EST UNE SERIE QUI REFLETE LA VIE QUOTIDIENNE DES ALGERIENS ET SON GOUVERNEMENT COUREMPU A VOIR VITTTTEEEEEEEEEE','01/12/2019');
INSERT INTO NOTER_SER VALUES('TOTO10','ACHOUR 10',2015,5,'C EST UNE SERIE QUI REFLETE LA VIE QUOTIDIENNE DES ALGERIENS ET SON GOUVERNEMENT COUREMPU A VOIR VITTTTEEEEEEEEEE','01/12/2019');
INSERT INTO NOTER_SER VALUES('TOTO30','ACHOUR 10',2015,10,'C EST UNE SERIE QUI REFLETE LA VIE QUOTIDIENNE DES ALGERIENS ET SON GOUVERNEMENT COUREMPU A VOIR VITTTTEEEEEEEEEE','01/12/2019');













-- ******************************************************** SERIE TAKEN ********************************************************************
INSERT INTO SERIES VALUES('TAKEN',2002,'USA',1);

INSERT INTO TYPE VALUES('TAKEN',2002,'DRAMARIQUE');
INSERT INTO TYPE VALUES('TAKEN',2002,'SCIENCE FICTION');

INSERT INTO PERSONNES VALUES('LESLIE','BOHEM','AMERICAINE');
INSERT INTO PERSONNES VALUES('DAKOTA','FANNING','AMERICAINE');
INSERT INTO PERSONNES VALUES('EMILY','FREWER');

INSERT INTO CREER VALUES('TAKEN',2002,'LESLIE','BOHEM','20/11/2001');

INSERT INTO PRODUIRE VALUES('TAKEN',2002,'STEVEN','SPIELBERG');

INSERT INTO SAISONS VALUES('TK_SAISON 1',3,'TAKEN',2002);

INSERT INTO EPISODES VALUES('AU-DELA DU CIEL',60,'02/12/2002','Disparition est une histoire multi-générationnelle qui se déroule sur cinq décennies et sur quatre générations, se concentrant sur trois familles: les Keys, les Crawford et les Clarke.','TK_SAISON 1');
INSERT INTO EPISODES VALUES('ENTRETIEN',60,'08/12/2002','Disparition est une histoire multi-générationnelle qui se déroule sur cinq décennies et sur quatre générations, se concentrant sur trois familles: les Keys, les Crawford et les Clarke.','TK_SAISON 1');
INSERT INTO EPISODES VALUES('DISPARITION',60,'13/12/2002','Disparition est une histoire multi-générationnelle qui se déroule sur cinq décennies et sur quatre générations, se concentrant sur trois familles: les Keys, les Crawford et les Clarke.','TK_SAISON 1');

INSERT INTO JOUER VALUES('AU-DELA DU CIEL','DAKOTA','FANNING');
INSERT INTO JOUER VALUES('ENTRETIEN','DAKOTA','FANNING');
INSERT INTO JOUER VALUES('DISPARITION','DAKOTA','FANNING');
INSERT INTO JOUER VALUES('DISPARITION','EMILY','FREWER');
INSERT INTO JOUER VALUES('AU-DELA DU CIEL','EMILY','FREWER');

INSERT INTO NOTER_EPI VALUES('Azrod90','AU-DELA DU CIEL',4,'BREF J AI PAS D AVIS POUR LE MOMENT :: /!!!!','15/11/2018');
INSERT INTO NOTER_EPI VALUES('Azrod96','ENTRETIEN',8,'BREF J AI PAS D AVIS POUR LE MOMENT :: /!!!!','15/11/2018');
INSERT INTO NOTER_EPI VALUES('TITI20','DISPARITION',9,'BREF J AI PAS D AVIS POUR LE MOMENT :: /!!!!','15/11/2018');


INSERT INTO NOTER_SER VALUES('Azrod95','TAKEN',2002,7,'JE N AI PAS ENCORE VU LA SERIE MAIS SPIELBERG C QUELQU UN DE SPECIAL SUREMENT ÇA DECHIRE !!!!','28/10/2019');
INSERT INTO NOTER_SER VALUES('TOTO10','TAKEN',2002,7,'JE N AI PAS ENCORE VU LA SERIE MAIS SPIELBERG C QUELQU UN DE SPECIAL SUREMENT ÇA DECHIRE !!!!','28/10/2019');
INSERT INTO NOTER_SER VALUES('TOTO30','TAKEN',2002,3,'JE N AI PAS ENCORE VU LA SERIE MAIS SPIELBERG C QUELQU UN DE SPECIAL SUREMENT ÇA DECHIRE !!!!','28/10/2019');



-- ******************************************************************************************************************************************************************************************************************************************************************************************************************************************************************************************************** --
